{"train_loss": 0.7863758782208974, "_timestamp": 1673363832.6275387, "_runtime": 330.64821577072144, "_step": 19, "test_loss": 0.7819759592413901}