{"train_loss": 0.9696703270330265, "_timestamp": 1673363424.5111115, "_runtime": 31.706231594085693, "_step": 1, "test_loss": 0.9555983930826187}